gender,SeniorCitizen,Partner,Dependents,tenure,PhoneService,MultipleLines,InternetService,OnlineSecurity,OnlineBackup,DeviceProtection,TechSupport,StreamingTV,StreamingMovies,Contract,PaperlessBilling,PaymentMethod,MonthlyCharges,TotalCharges,Label
Male,0,No,No,38,Yes,No,DSL,No,No,Yes,Yes,No,Yes,One year,Yes,Mailed check,62.3,2354.8,1
Male,1,Yes,No,44,Yes,No,No,No internet service,No internet service,No internet service,No internet service,No internet service,No internet service,Two year,Yes,Credit card (automatic),19.35,847.25,0
Male,0,Yes,Yes,48,Yes,Yes,No,No internet service,No internet service,No internet service,No internet service,No internet service,No internet service,Two year,No,Mailed check,23.55,1173.35,0
Female,0,Yes,No,72,Yes,Yes,Fiber optic,Yes,Yes,Yes,No,Yes,Yes,Two year,Yes,Credit card (automatic),110.65,8065.65,0
Male,0,Yes,No,16,Yes,Yes,Fiber optic,No,No,No,No,No,No,Month-to-month,Yes,Bank transfer (automatic),73.85,1284.2,1
Female,0,Yes,Yes,19,Yes,No,No,No internet service,No internet service,No internet service,No internet service,No internet service,No internet service,Two year,No,Mailed check,20.15,387.7,0
Female,0,No,No,64,Yes,Yes,Fiber optic,No,Yes,Yes,Yes,Yes,Yes,Two year,Yes,Credit card (automatic),110.5,7069.25,0
Male,0,Yes,No,72,Yes,Yes,Fiber optic,Yes,Yes,Yes,Yes,Yes,Yes,Two year,No,Credit card (automatic),114.45,8375.05,0
Male,0,No,No,1,Yes,No,No,No internet service,No internet service,No internet service,No internet service,No internet service,No internet service,Month-to-month,No,Mailed check,19.2,19.2,0
Female,0,No,No,22,Yes,No,Fiber optic,No,Yes,No,No,No,Yes,Month-to-month,Yes,Mailed check,84.3,1855.65,1
Male,1,No,No,1,Yes,No,Fiber optic,No,No,No,Yes,No,No,Month-to-month,No,Electronic check,74.7,74.7,0
Female,0,No,No,9,Yes,No,DSL,No,No,No,No,No,No,Month-to-month,Yes,Bank transfer (automatic),44.2,403.35,1
Male,0,Yes,Yes,18,Yes,No,No,No internet service,No internet service,No internet service,No internet service,No internet service,No internet service,One year,No,Bank transfer (automatic),20.05,345.9,0
Male,0,No,No,11,Yes,No,DSL,No,Yes,Yes,Yes,No,No,Month-to-month,Yes,Electronic check,60.9,688.5,0
Male,1,No,No,8,Yes,No,Fiber optic,No,No,No,No,No,No,Month-to-month,Yes,Electronic check,69.7,572.85,0
Female,1,Yes,No,27,Yes,No,Fiber optic,Yes,No,No,No,No,No,Month-to-month,Yes,Bank transfer (automatic),75.2,1929.35,1
Male,0,Yes,No,40,Yes,Yes,DSL,No,Yes,No,Yes,Yes,No,One year,No,Credit card (automatic),70.75,2921.75,0
Female,0,Yes,No,33,Yes,No,DSL,No,Yes,No,Yes,No,No,One year,Yes,Credit card (automatic),53.75,1857.3,0
Female,0,No,No,29,No,No phone service,DSL,No,Yes,No,No,No,No,Month-to-month,Yes,Electronic check,30.6,856.35,1
Female,0,Yes,No,28,Yes,Yes,No,No internet service,No internet service,No internet service,No internet service,No internet service,No internet service,One year,No,Mailed check,25.55,672.2,0
Female,0,Yes,Yes,32,Yes,No,Fiber optic,No,Yes,No,No,Yes,No,Month-to-month,Yes,Electronic check,86.1,2723.75,0
Female,0,No,Yes,11,Yes,No,No,No internet service,No internet service,No internet service,No internet service,No internet service,No internet service,Month-to-month,No,Credit card (automatic),19.7,216.2,0
Male,0,No,No,59,Yes,No,No,No internet service,No internet service,No internet service,No internet service,No internet service,No internet service,Two year,No,Mailed check,19.35,1099.6,1
Female,0,No,No,69,Yes,Yes,No,No internet service,No internet service,No internet service,No internet service,No internet service,No internet service,Two year,No,Credit card (automatic),24.6,1678.05,0
Female,0,Yes,Yes,59,Yes,No,No,No internet service,No internet service,No internet service,No internet service,No internet service,No internet service,Two year,No,Mailed check,20.6,1286.0,0
Male,0,No,No,4,Yes,No,DSL,No,No,No,No,No,No,Month-to-month,Yes,Credit card (automatic),44.8,176.2,0
Female,0,No,No,72,Yes,Yes,Fiber optic,Yes,Yes,Yes,Yes,Yes,Yes,Two year,Yes,Credit card (automatic),112.75,8192.6,0
Female,0,No,No,38,Yes,No,Fiber optic,No,Yes,Yes,Yes,No,No,Month-to-month,Yes,Credit card (automatic),84.25,3264.5,1
Male,0,No,No,26,Yes,No,Fiber optic,No,Yes,No,No,No,No,One year,No,Bank transfer (automatic),75.5,2018.1,0
Female,0,No,No,21,Yes,No,Fiber optic,No,No,No,No,No,No,Month-to-month,Yes,Electronic check,68.65,1493.2,0
Male,0,No,No,44,Yes,No,No,No internet service,No internet service,No internet service,No internet service,No internet service,No internet service,Two year,No,Mailed check,20.05,845.25,0
Female,1,Yes,No,6,Yes,Yes,Fiber optic,No,No,No,No,No,Yes,Month-to-month,Yes,Electronic check,84.35,474.9,1
Male,0,No,No,27,Yes,Yes,DSL,No,No,Yes,Yes,No,No,Month-to-month,No,Electronic check,59.45,1611.65,0
Female,0,Yes,Yes,46,Yes,No,No,No internet service,No internet service,No internet service,No internet service,No internet service,No internet service,Two year,No,Mailed check,19.4,967.85,0
Male,0,No,No,1,Yes,Yes,DSL,No,No,Yes,Yes,No,No,Month-to-month,No,Mailed check,62.05,62.05,1
Female,0,No,No,2,Yes,No,DSL,No,No,Yes,Yes,Yes,Yes,Month-to-month,No,Electronic check,76.4,160.8,1
Female,0,No,No,15,Yes,No,No,No internet service,No internet service,No internet service,No internet service,No internet service,No internet service,Two year,No,Mailed check,19.6,331.6,0
Male,1,Yes,No,2,Yes,Yes,Fiber optic,No,No,No,No,Yes,No,Month-to-month,Yes,Mailed check,86.85,156.35,1
Female,0,Yes,Yes,24,Yes,No,No,No internet service,No internet service,No internet service,No internet service,No internet service,No internet service,Two year,Yes,Credit card (automatic),21.1,490.65,0
Male,0,No,No,2,Yes,No,DSL,No,No,No,Yes,Yes,Yes,Month-to-month,No,Electronic check,70.3,132.4,0
Female,0,No,No,27,Yes,No,DSL,Yes,Yes,No,No,No,No,Month-to-month,Yes,Mailed check,56.7,1652.95,0
Female,1,No,No,66,Yes,Yes,Fiber optic,No,Yes,No,No,No,No,Month-to-month,Yes,Credit card (automatic),80.45,5224.35,1
Male,1,No,No,9,Yes,Yes,Fiber optic,No,No,No,No,No,Yes,Month-to-month,Yes,Electronic check,83.85,790.15,1
Male,1,Yes,No,69,No,No phone service,DSL,Yes,Yes,No,No,Yes,Yes,Two year,No,Credit card (automatic),56.55,3952.65,0
Female,0,No,No,5,Yes,Yes,Fiber optic,No,No,No,No,Yes,Yes,Month-to-month,Yes,Mailed check,93.9,486.85,1
Female,0,Yes,No,56,Yes,Yes,Fiber optic,No,Yes,Yes,Yes,No,No,Month-to-month,No,Electronic check,90.55,5116.6,0
Male,0,Yes,No,66,Yes,Yes,Fiber optic,Yes,Yes,Yes,Yes,No,No,Two year,No,Mailed check,96.6,6424.25,0
Male,0,Yes,Yes,3,Yes,No,Fiber optic,Yes,Yes,No,No,Yes,No,Month-to-month,No,Electronic check,89.85,248.4,0
Female,0,No,No,56,Yes,No,DSL,Yes,No,Yes,Yes,No,No,One year,Yes,Credit card (automatic),60.25,3282.75,0
Female,0,No,No,65,Yes,Yes,No,No internet service,No internet service,No internet service,No internet service,No internet service,No internet service,Two year,No,Bank transfer (automatic),26.5,1698.55,0
Male,0,No,No,3,Yes,No,DSL,No,No,No,Yes,No,Yes,Month-to-month,No,Mailed check,60.65,196.9,0
Male,0,Yes,No,67,Yes,No,Fiber optic,Yes,Yes,No,No,Yes,Yes,One year,Yes,Credit card (automatic),100.9,6733.15,0
Male,0,Yes,No,40,Yes,No,Fiber optic,No,Yes,Yes,No,No,No,Month-to-month,Yes,Electronic check,80.0,3168.75,0
Female,0,Yes,Yes,28,Yes,No,Fiber optic,No,No,No,No,No,No,One year,Yes,Bank transfer (automatic),70.4,1992.2,0
Female,0,No,No,57,Yes,No,Fiber optic,No,No,Yes,No,Yes,Yes,Two year,Yes,Electronic check,95.25,5464.65,1
Male,0,Yes,Yes,62,Yes,Yes,No,No internet service,No internet service,No internet service,No internet service,No internet service,No internet service,Two year,Yes,Bank transfer (automatic),24.25,1424.6,0
Male,1,Yes,No,1,Yes,No,Fiber optic,No,No,No,No,No,No,Month-to-month,No,Mailed check,70.85,70.85,1
Female,0,Yes,Yes,71,Yes,No,Fiber optic,No,No,Yes,No,No,No,Two year,No,Electronic check,76.05,5436.45,0
Male,0,No,No,46,No,No phone service,DSL,Yes,No,Yes,Yes,Yes,Yes,Two year,Yes,Bank transfer (automatic),60.75,2893.4,0
Male,0,Yes,No,20,Yes,No,Fiber optic,No,No,No,No,Yes,Yes,Month-to-month,Yes,Mailed check,89.0,1820.45,1
Male,0,No,No,7,Yes,Yes,Fiber optic,No,No,No,No,Yes,Yes,Month-to-month,No,Mailed check,95.0,655.5,1
Male,0,No,No,4,Yes,No,No,No internet service,No internet service,No internet service,No internet service,No internet service,No internet service,Month-to-month,No,Mailed check,19.0,73.45,0
Male,0,Yes,No,17,No,No phone service,DSL,Yes,No,Yes,No,No,No,Month-to-month,No,Mailed check,34.4,592.75,0
Male,0,Yes,No,3,No,No phone service,DSL,No,No,No,No,No,No,Month-to-month,No,Mailed check,25.0,78.25,0
Male,0,Yes,No,6,Yes,Yes,Fiber optic,No,No,No,No,Yes,No,Month-to-month,Yes,Electronic check,82.85,460.25,1
Male,0,Yes,No,15,Yes,No,No,No internet service,No internet service,No internet service,No internet service,No internet service,No internet service,One year,No,Mailed check,18.8,294.95,0
Male,1,No,No,71,No,No phone service,DSL,Yes,Yes,No,No,Yes,Yes,One year,Yes,Electronic check,56.45,3985.35,0
Male,0,No,No,4,No,No phone service,DSL,Yes,Yes,No,Yes,No,No,Month-to-month,No,Mailed check,42.4,146.4,0
Female,0,No,No,32,No,No phone service,DSL,Yes,No,No,No,No,No,One year,No,Mailed check,30.15,927.65,0
Male,0,Yes,Yes,72,Yes,Yes,Fiber optic,No,Yes,No,No,Yes,No,One year,Yes,Electronic check,89.7,6588.95,0
Male,0,No,No,52,Yes,Yes,Fiber optic,Yes,No,Yes,Yes,Yes,Yes,Two year,Yes,Electronic check,109.3,5731.4,0
Female,0,Yes,No,71,Yes,Yes,DSL,Yes,Yes,Yes,Yes,Yes,Yes,Two year,No,Credit card (automatic),85.75,6223.8,0
Female,0,Yes,No,10,Yes,No,No,No internet service,No internet service,No internet service,No internet service,No internet service,No internet service,Month-to-month,Yes,Mailed check,20.55,252.75,0
Male,0,No,No,9,Yes,No,Fiber optic,No,No,Yes,No,No,No,Month-to-month,Yes,Electronic check,73.8,704.3,0
Female,0,No,No,11,Yes,No,DSL,No,No,No,No,No,No,Month-to-month,Yes,Mailed check,44.65,472.25,0
Male,1,No,No,16,No,No phone service,DSL,No,Yes,No,No,Yes,No,Month-to-month,Yes,Mailed check,39.0,679.85,1
Female,0,Yes,No,8,Yes,Yes,Fiber optic,No,No,No,Yes,No,Yes,Month-to-month,Yes,Electronic check,90.25,743.75,0
Male,0,No,Yes,4,Yes,No,DSL,Yes,No,No,No,No,No,Month-to-month,No,Electronic check,49.35,219.65,1
Female,0,No,No,41,Yes,No,Fiber optic,No,Yes,No,Yes,Yes,Yes,Two year,Yes,Bank transfer (automatic),98.8,3959.15,0
Female,0,No,No,1,Yes,No,Fiber optic,No,No,No,No,No,No,Month-to-month,No,Electronic check,71.35,71.35,1
Female,0,No,No,8,Yes,No,DSL,No,No,Yes,Yes,No,Yes,Month-to-month,No,Mailed check,64.1,504.05,0
Male,0,No,No,39,Yes,Yes,Fiber optic,No,No,No,No,No,No,Month-to-month,Yes,Credit card (automatic),73.15,2730.85,0
Male,0,No,No,5,Yes,No,Fiber optic,No,No,Yes,No,Yes,Yes,Month-to-month,No,Bank transfer (automatic),96.5,492.55,1
Male,1,Yes,No,72,No,No phone service,DSL,Yes,Yes,Yes,Yes,Yes,Yes,Two year,Yes,Credit card (automatic),64.95,4546.0,0
Female,0,Yes,Yes,37,Yes,Yes,No,No internet service,No internet service,No internet service,No internet service,No internet service,No internet service,Month-to-month,No,Mailed check,26.45,911.6,0
Female,0,Yes,Yes,52,Yes,No,No,No internet service,No internet service,No internet service,No internet service,No internet service,No internet service,Two year,No,Mailed check,19.85,1070.5,0
Male,0,No,Yes,39,Yes,Yes,Fiber optic,No,No,No,Yes,Yes,Yes,Two year,No,Mailed check,100.55,3895.35,0
Male,0,Yes,Yes,48,Yes,Yes,No,No internet service,No internet service,No internet service,No internet service,No internet service,No internet service,Two year,No,Bank transfer (automatic),26.3,1245.05,0
Male,0,No,No,63,Yes,No,DSL,Yes,Yes,Yes,Yes,Yes,Yes,Two year,Yes,Bank transfer (automatic),86.7,5309.5,0
Female,0,No,No,2,Yes,Yes,DSL,No,No,No,Yes,No,No,Month-to-month,Yes,Mailed check,54.35,117.05,0
Male,0,No,No,12,Yes,No,No,No internet service,No internet service,No internet service,No internet service,No internet service,No internet service,Month-to-month,No,Mailed check,20.45,255.35,0
Male,0,No,No,29,No,No phone service,DSL,Yes,No,No,Yes,No,No,One year,No,Mailed check,35.6,1072.6,0
Female,0,Yes,Yes,42,Yes,Yes,Fiber optic,No,No,No,No,Yes,Yes,Month-to-month,Yes,Electronic check,94.2,4186.3,1
Female,0,No,No,30,Yes,Yes,DSL,No,Yes,Yes,No,Yes,No,One year,Yes,Credit card (automatic),68.95,2038.7,0
Male,1,Yes,No,70,Yes,Yes,DSL,Yes,Yes,Yes,Yes,Yes,Yes,Two year,Yes,Credit card (automatic),88.55,6306.5,0
Female,0,No,No,58,Yes,Yes,DSL,Yes,Yes,Yes,Yes,No,No,One year,Yes,Credit card (automatic),71.1,4299.2,0
Male,0,Yes,Yes,23,Yes,No,No,No internet service,No internet service,No internet service,No internet service,No internet service,No internet service,One year,No,Mailed check,19.65,436.9,0
Male,0,Yes,No,15,Yes,Yes,Fiber optic,No,No,Yes,Yes,Yes,Yes,Month-to-month,Yes,Electronic check,103.45,1539.8,0
Male,0,No,Yes,35,Yes,No,Fiber optic,No,No,Yes,No,Yes,No,One year,Yes,Electronic check,85.15,3030.6,1
Male,0,Yes,No,61,Yes,Yes,DSL,Yes,Yes,Yes,Yes,No,Yes,Two year,Yes,Bank transfer (automatic),80.8,4860.85,0
Male,0,Yes,No,18,Yes,No,DSL,No,No,Yes,No,No,No,Month-to-month,Yes,Mailed check,49.55,878.35,1
Female,1,No,No,28,Yes,Yes,Fiber optic,No,Yes,Yes,No,Yes,Yes,Month-to-month,Yes,Electronic check,106.15,3152.5,1
Female,0,No,No,14,Yes,No,DSL,Yes,No,No,No,No,No,Month-to-month,No,Bank transfer (automatic),50.1,709.5,0
Female,0,No,No,65,Yes,Yes,Fiber optic,No,Yes,No,Yes,Yes,Yes,One year,Yes,Bank transfer (automatic),105.05,6744.25,0
Male,0,No,No,1,No,No phone service,DSL,No,No,No,No,No,No,Month-to-month,Yes,Mailed check,24.45,24.45,1
Female,0,No,No,1,No,No phone service,DSL,No,No,No,No,Yes,No,Month-to-month,Yes,Electronic check,35.75,35.75,1
Female,0,No,No,8,Yes,Yes,Fiber optic,No,No,No,No,No,No,Month-to-month,Yes,Credit card (automatic),74.6,548.9,0
Female,0,Yes,Yes,70,Yes,Yes,DSL,Yes,No,No,Yes,Yes,Yes,Two year,Yes,Bank transfer (automatic),80.6,5460.2,0
Male,0,Yes,No,30,Yes,No,No,No internet service,No internet service,No internet service,No internet service,No internet service,No internet service,Two year,No,Mailed check,19.05,637.55,0
Male,0,No,No,1,Yes,No,Fiber optic,No,No,No,No,No,No,Month-to-month,Yes,Electronic check,69.65,69.65,1
Female,0,Yes,No,5,Yes,No,Fiber optic,No,No,No,No,No,No,Month-to-month,No,Electronic check,69.95,330.15,1
Female,1,Yes,No,64,Yes,No,Fiber optic,Yes,Yes,Yes,No,No,Yes,One year,No,Bank transfer (automatic),97.0,6430.9,0
Male,0,No,No,27,Yes,Yes,Fiber optic,No,No,Yes,No,Yes,Yes,One year,Yes,Bank transfer (automatic),100.5,2673.45,0
Male,0,No,No,30,Yes,No,Fiber optic,No,No,No,No,Yes,Yes,Month-to-month,Yes,Electronic check,90.25,2755.35,1
Male,0,Yes,No,63,Yes,No,No,No internet service,No internet service,No internet service,No internet service,No internet service,No internet service,Two year,Yes,Bank transfer (automatic),19.95,1234.8,0
Male,1,Yes,No,71,Yes,Yes,No,No internet service,No internet service,No internet service,No internet service,No internet service,No internet service,Two year,No,Bank transfer (automatic),23.95,1756.2,0
Female,0,No,No,43,Yes,Yes,Fiber optic,No,Yes,Yes,No,Yes,Yes,Two year,Yes,Electronic check,104.6,4759.85,1
Male,0,No,No,1,Yes,No,DSL,No,No,No,Yes,No,No,Month-to-month,No,Mailed check,51.25,51.25,1
Female,0,No,No,22,Yes,Yes,Fiber optic,No,No,No,No,Yes,No,Month-to-month,Yes,Bank transfer (automatic),84.15,1821.95,0
Female,0,No,No,37,Yes,Yes,Fiber optic,No,No,No,Yes,Yes,Yes,Month-to-month,No,Credit card (automatic),100.3,3541.4,0
Male,0,Yes,No,68,Yes,No,Fiber optic,No,Yes,No,Yes,Yes,Yes,One year,Yes,Electronic check,100.3,6754.35,0
Male,0,No,No,1,Yes,No,DSL,Yes,No,No,No,No,No,Month-to-month,No,Mailed check,51.25,51.25,0
Male,0,Yes,Yes,16,Yes,No,No,No internet service,No internet service,No internet service,No internet service,No internet service,No internet service,Two year,No,Mailed check,20.5,290.55,0
Male,1,No,No,23,Yes,Yes,Fiber optic,No,Yes,Yes,No,Yes,Yes,Month-to-month,Yes,Electronic check,106.4,2483.5,1
Female,1,No,No,7,Yes,No,Fiber optic,No,No,Yes,No,Yes,No,Month-to-month,Yes,Electronic check,84.35,609.65,0
Female,0,No,No,1,Yes,No,DSL,No,No,No,No,No,No,Month-to-month,Yes,Mailed check,45.3,45.3,1
Male,0,Yes,No,59,Yes,Yes,Fiber optic,Yes,Yes,Yes,Yes,Yes,No,Month-to-month,Yes,Electronic check,106.75,6252.9,1
Female,0,Yes,Yes,25,Yes,No,No,No internet service,No internet service,No internet service,No internet service,No internet service,No internet service,Two year,Yes,Mailed check,18.7,383.65,0
Male,0,No,No,22,Yes,Yes,Fiber optic,No,Yes,No,No,Yes,Yes,Month-to-month,Yes,Electronic check,100.65,2415.95,0
Male,0,Yes,Yes,13,No,No phone service,DSL,Yes,Yes,No,Yes,No,No,Two year,No,Mailed check,40.55,590.35,0
Male,0,No,No,1,Yes,No,DSL,No,Yes,No,No,No,No,Month-to-month,No,Electronic check,50.8,50.8,1
Female,0,No,No,18,Yes,Yes,Fiber optic,No,No,Yes,Yes,No,Yes,Month-to-month,Yes,Bank transfer (automatic),95.05,1679.4,0
Male,0,No,Yes,38,Yes,Yes,Fiber optic,No,No,Yes,No,Yes,Yes,Month-to-month,Yes,Bank transfer (automatic),99.25,3777.15,1
Male,0,Yes,Yes,39,No,No phone service,DSL,No,No,No,No,No,No,One year,Yes,Credit card (automatic),25.25,947.75,0
Male,0,Yes,Yes,68,No,No phone service,DSL,Yes,Yes,No,No,Yes,No,One year,No,Mailed check,44.8,2983.65,0
Male,0,No,No,26,Yes,No,No,No internet service,No internet service,No internet service,No internet service,No internet service,No internet service,One year,No,Credit card (automatic),19.8,457.3,0
Female,0,Yes,No,9,Yes,No,Fiber optic,No,No,No,No,No,Yes,Month-to-month,Yes,Electronic check,79.75,769.1,0
Female,0,No,No,70,Yes,Yes,Fiber optic,No,Yes,Yes,Yes,No,No,One year,Yes,Bank transfer (automatic),90.25,6385.95,0
Female,0,Yes,Yes,69,Yes,Yes,Fiber optic,No,Yes,Yes,Yes,Yes,Yes,One year,Yes,Bank transfer (automatic),108.75,7493.05,0
Female,0,No,No,27,Yes,No,DSL,Yes,Yes,No,No,No,No,Two year,No,Bank transfer (automatic),52.85,1498.65,0
Male,0,Yes,Yes,67,Yes,No,No,No internet service,No internet service,No internet service,No internet service,No internet service,No internet service,Two year,Yes,Credit card (automatic),19.4,1284.2,0
Male,1,No,No,22,Yes,Yes,Fiber optic,No,No,No,No,Yes,Yes,Month-to-month,Yes,Electronic check,96.7,2082.95,1
Male,0,Yes,Yes,62,Yes,No,Fiber optic,Yes,Yes,Yes,Yes,Yes,Yes,Two year,No,Mailed check,108.15,6825.65,0
Male,0,Yes,Yes,53,Yes,No,No,No internet service,No internet service,No internet service,No internet service,No internet service,No internet service,Two year,Yes,Mailed check,19.4,1110.35,0
Male,0,Yes,No,36,Yes,Yes,Fiber optic,No,No,No,No,Yes,Yes,Month-to-month,Yes,Bank transfer (automatic),95.0,3440.25,0
Male,0,No,Yes,62,Yes,No,No,No internet service,No internet service,No internet service,No internet service,No internet service,No internet service,Two year,No,Bank transfer (automatic),20.0,1250.1,0
Female,0,Yes,No,67,Yes,Yes,No,No internet service,No internet service,No internet service,No internet service,No internet service,No internet service,Two year,Yes,Credit card (automatic),25.25,1733.15,0
Female,0,No,No,9,Yes,No,Fiber optic,No,No,No,No,Yes,Yes,Month-to-month,Yes,Mailed check,88.4,788.6,0
Male,1,Yes,No,10,Yes,Yes,Fiber optic,No,No,No,No,No,Yes,Month-to-month,No,Electronic check,85.55,851.75,1
Male,1,No,No,56,Yes,Yes,Fiber optic,No,No,Yes,No,Yes,Yes,Month-to-month,Yes,Electronic check,101.05,5594.0,0
Female,0,Yes,Yes,24,Yes,Yes,No,No internet service,No internet service,No internet service,No internet service,No internet service,No internet service,Two year,No,Mailed check,24.7,571.75,0
Male,0,No,No,1,Yes,No,No,No internet service,No internet service,No internet service,No internet service,No internet service,No internet service,Month-to-month,No,Bank transfer (automatic),20.2,20.2,0
Female,0,Yes,No,1,Yes,No,No,No internet service,No internet service,No internet service,No internet service,No internet service,No internet service,Month-to-month,Yes,Bank transfer (automatic),20.3,20.3,0
Male,0,Yes,Yes,2,Yes,No,DSL,No,No,No,No,No,No,Month-to-month,Yes,Electronic check,44.5,90.05,0
Male,0,No,No,5,No,No phone service,DSL,No,No,No,No,No,No,Month-to-month,No,Mailed check,24.3,100.2,0
Female,0,No,Yes,26,No,No phone service,DSL,No,No,Yes,No,No,No,Month-to-month,Yes,Mailed check,29.8,786.5,0
Female,0,Yes,Yes,45,Yes,No,No,No internet service,No internet service,No internet service,No internet service,No internet service,No internet service,Two year,Yes,Bank transfer (automatic),20.0,886.4,0
Male,0,No,No,51,Yes,No,No,No internet service,No internet service,No internet service,No internet service,No internet service,No internet service,Two year,No,Mailed check,20.45,1042.65,0
Female,1,No,No,8,Yes,Yes,Fiber optic,No,No,No,Yes,Yes,Yes,Month-to-month,Yes,Credit card (automatic),100.15,908.55,0
Female,0,Yes,No,71,Yes,Yes,DSL,Yes,Yes,Yes,Yes,Yes,Yes,Two year,No,Credit card (automatic),93.2,6506.15,0
Female,0,Yes,Yes,1,Yes,No,No,No internet service,No internet service,No internet service,No internet service,No internet service,No internet service,Two year,No,Mailed check,20.35,20.35,0
Male,1,No,No,63,Yes,Yes,Fiber optic,Yes,Yes,Yes,No,Yes,Yes,Month-to-month,Yes,Bank transfer (automatic),109.4,7031.45,0
Male,0,Yes,No,72,Yes,Yes,DSL,Yes,Yes,Yes,Yes,Yes,Yes,Two year,Yes,Credit card (automatic),88.7,6301.7,0
Female,0,No,No,53,Yes,No,No,No internet service,No internet service,No internet service,No internet service,No internet service,No internet service,Two year,No,Mailed check,20.25,1048.45,0
Male,0,No,No,63,Yes,Yes,Fiber optic,No,Yes,No,Yes,Yes,Yes,Month-to-month,No,Electronic check,105.4,6713.2,0
Female,0,Yes,No,63,Yes,Yes,Fiber optic,No,Yes,No,No,No,No,Month-to-month,Yes,Bank transfer (automatic),81.55,5029.05,0
Male,0,No,No,24,Yes,No,Fiber optic,No,Yes,Yes,No,No,Yes,Month-to-month,Yes,Electronic check,89.55,2187.15,0
Male,0,Yes,No,66,Yes,Yes,DSL,Yes,Yes,No,Yes,Yes,Yes,Two year,No,Electronic check,85.25,5538.35,0
Female,0,Yes,Yes,45,Yes,Yes,DSL,Yes,Yes,Yes,Yes,Yes,No,Month-to-month,No,Mailed check,81.3,3541.1,0
Female,0,Yes,No,72,Yes,Yes,DSL,Yes,No,Yes,Yes,Yes,Yes,Two year,Yes,Credit card (automatic),84.4,6096.45,0
Female,0,Yes,Yes,40,Yes,Yes,No,No internet service,No internet service,No internet service,No internet service,No internet service,No internet service,Two year,Yes,Mailed check,24.8,1024.7,0
Male,0,No,No,40,Yes,Yes,Fiber optic,No,Yes,Yes,No,Yes,Yes,Month-to-month,Yes,Credit card (automatic),104.5,4036.85,1
Male,0,No,No,1,Yes,No,No,No internet service,No internet service,No internet service,No internet service,No internet service,No internet service,Month-to-month,No,Mailed check,20.45,20.45,0
Male,0,Yes,No,54,Yes,Yes,Fiber optic,Yes,Yes,Yes,No,Yes,Yes,Month-to-month,No,Electronic check,109.55,6118.95,0
Male,0,Yes,Yes,36,Yes,Yes,No,No internet service,No internet service,No internet service,No internet service,No internet service,No internet service,Two year,No,Credit card (automatic),25.1,930.95,0
Female,1,Yes,No,40,No,No phone service,DSL,No,Yes,No,No,Yes,No,Month-to-month,Yes,Electronic check,39.3,1637.4,1
Male,0,No,No,8,Yes,No,DSL,No,No,No,No,No,No,Month-to-month,No,Mailed check,43.55,335.4,0
Female,0,Yes,No,57,Yes,Yes,Fiber optic,Yes,No,No,No,Yes,Yes,Month-to-month,Yes,Electronic check,99.65,5497.05,0
Male,0,No,No,62,No,No phone service,DSL,Yes,Yes,Yes,Yes,No,No,Two year,Yes,Bank transfer (automatic),43.7,2618.3,0
Male,0,No,No,43,Yes,No,No,No internet service,No internet service,No internet service,No internet service,No internet service,No internet service,Two year,No,Mailed check,19.55,876.15,0
Female,0,Yes,No,72,Yes,Yes,DSL,Yes,Yes,Yes,Yes,Yes,Yes,Two year,No,Bank transfer (automatic),88.05,6520.8,0
Female,0,No,No,2,Yes,No,DSL,No,No,No,No,No,No,Month-to-month,Yes,Mailed check,45.25,74.2,0
Female,0,No,No,10,Yes,No,No,No internet service,No internet service,No internet service,No internet service,No internet service,No internet service,Month-to-month,Yes,Electronic check,21.2,222.65,0
Male,0,Yes,No,68,Yes,Yes,No,No internet service,No internet service,No internet service,No internet service,No internet service,No internet service,Two year,No,Credit card (automatic),25.05,1629.2,0
Male,0,Yes,Yes,50,Yes,No,DSL,Yes,No,No,Yes,Yes,Yes,One year,No,Electronic check,75.5,4025.6,0
Female,0,No,No,27,Yes,No,DSL,No,Yes,No,Yes,No,No,Month-to-month,Yes,Mailed check,56.15,1439.35,0
Female,0,Yes,Yes,5,No,No phone service,DSL,No,Yes,No,Yes,No,No,Month-to-month,No,Electronic check,34.25,163.55,0
Female,0,No,No,11,Yes,No,Fiber optic,No,Yes,Yes,Yes,No,Yes,Month-to-month,Yes,Electronic check,94.2,999.9,0
Female,0,Yes,No,57,Yes,No,DSL,Yes,Yes,No,Yes,Yes,No,Two year,Yes,Credit card (automatic),70.35,4124.65,0
Female,0,Yes,Yes,9,Yes,No,DSL,No,Yes,No,Yes,Yes,No,One year,Yes,Mailed check,65.6,593.3,0
Female,1,No,No,2,Yes,Yes,DSL,No,Yes,No,No,No,No,Month-to-month,Yes,Credit card (automatic),56.55,118.25,0
Male,0,No,No,31,No,No phone service,DSL,No,No,Yes,No,Yes,Yes,One year,Yes,Electronic check,50.05,1523.4,0
Male,1,Yes,No,50,Yes,Yes,Fiber optic,Yes,Yes,Yes,No,Yes,No,One year,Yes,Bank transfer (automatic),101.9,5265.5,0
Female,0,No,No,6,Yes,No,No,No internet service,No internet service,No internet service,No internet service,No internet service,No internet service,Two year,No,Mailed check,19.55,124.45,0
Male,0,Yes,No,23,Yes,No,No,No internet service,No internet service,No internet service,No internet service,No internet service,No internet service,One year,No,Credit card (automatic),19.3,486.2,0
Male,0,No,No,54,Yes,Yes,DSL,Yes,No,Yes,Yes,Yes,Yes,Two year,No,Bank transfer (automatic),87.1,4735.2,0
Male,0,No,No,52,Yes,No,Fiber optic,No,Yes,Yes,Yes,Yes,Yes,One year,Yes,Bank transfer (automatic),105.0,5426.85,1
Male,0,No,Yes,48,Yes,Yes,DSL,Yes,Yes,Yes,No,No,No,One year,Yes,Bank transfer (automatic),64.4,3035.35,0
Female,1,No,No,4,Yes,Yes,DSL,No,No,No,No,No,No,Month-to-month,No,Mailed check,48.75,179.85,0
Female,0,No,No,5,Yes,No,DSL,Yes,No,No,Yes,Yes,No,Month-to-month,Yes,Electronic check,64.35,352.65,0
Male,0,No,No,1,Yes,No,No,No internet service,No internet service,No internet service,No internet service,No internet service,No internet service,Month-to-month,Yes,Mailed check,19.9,19.9,0
Male,0,No,No,10,Yes,Yes,Fiber optic,Yes,No,No,No,Yes,Yes,Month-to-month,No,Electronic check,98.55,1008.55,1
Female,0,No,No,34,Yes,Yes,Fiber optic,Yes,Yes,Yes,No,Yes,Yes,Month-to-month,Yes,Mailed check,109.8,3587.25,1
Female,0,No,Yes,34,Yes,Yes,Fiber optic,Yes,Yes,Yes,Yes,Yes,Yes,Two year,Yes,Credit card (automatic),116.15,3946.9,0
Male,0,Yes,Yes,28,Yes,Yes,Fiber optic,Yes,Yes,No,No,Yes,Yes,One year,No,Electronic check,106.1,2847.4,1
Male,0,Yes,Yes,7,No,No phone service,DSL,Yes,Yes,Yes,No,No,No,Two year,No,Mailed check,38.55,280.0,0
Male,0,No,No,2,Yes,Yes,DSL,No,No,No,No,No,Yes,Month-to-month,No,Bank transfer (automatic),62.05,118.3,1
Female,0,No,No,65,No,No phone service,DSL,Yes,No,Yes,Yes,Yes,Yes,Two year,No,Credit card (automatic),59.95,3921.1,0
Male,0,Yes,Yes,18,Yes,No,No,No internet service,No internet service,No internet service,No internet service,No internet service,No internet service,One year,No,Bank transfer (automatic),19.8,342.3,0
Female,0,No,No,33,Yes,Yes,DSL,Yes,No,No,Yes,No,No,One year,No,Electronic check,59.4,1952.8,0
Female,1,Yes,No,8,Yes,Yes,Fiber optic,No,No,No,No,No,Yes,Month-to-month,Yes,Electronic check,84.0,613.4,1
Female,0,Yes,No,34,Yes,Yes,No,No internet service,No internet service,No internet service,No internet service,No internet service,No internet service,Month-to-month,No,Electronic check,24.7,780.2,0
Female,0,Yes,No,48,Yes,Yes,Fiber optic,No,Yes,No,Yes,Yes,Yes,Month-to-month,Yes,Credit card (automatic),105.1,5083.55,0
Male,1,Yes,No,34,Yes,Yes,Fiber optic,No,No,No,No,No,No,Month-to-month,Yes,Electronic check,75.55,2425.4,0
Male,1,No,No,2,Yes,No,DSL,No,No,No,No,No,No,Month-to-month,No,Mailed check,44.95,85.15,1
Male,0,No,No,43,Yes,No,DSL,No,Yes,No,No,No,Yes,Two year,Yes,Electronic check,60.0,2548.55,0
Female,0,No,No,21,Yes,Yes,Fiber optic,No,Yes,No,No,Yes,Yes,Month-to-month,Yes,Credit card (automatic),99.85,1992.55,0
Male,0,Yes,Yes,61,Yes,No,Fiber optic,No,Yes,Yes,Yes,Yes,Yes,One year,No,Credit card (automatic),103.9,6449.15,0
Female,0,No,Yes,21,No,No phone service,DSL,Yes,Yes,Yes,Yes,Yes,No,Two year,No,Mailed check,53.15,1183.2,0
Male,0,Yes,No,28,Yes,No,Fiber optic,No,No,No,Yes,No,No,Month-to-month,No,Bank transfer (automatic),76.55,2065.4,0
Female,0,No,Yes,2,Yes,No,No,No internet service,No internet service,No internet service,No internet service,No internet service,No internet service,One year,No,Bank transfer (automatic),20.5,38.25,0
Male,0,No,No,1,Yes,No,No,No internet service,No internet service,No internet service,No internet service,No internet service,No internet service,Month-to-month,No,Mailed check,19.1,19.1,0
Male,1,Yes,No,7,Yes,Yes,Fiber optic,No,No,No,No,No,No,Month-to-month,Yes,Electronic check,74.85,485.25,0
Male,0,Yes,No,30,Yes,No,No,No internet service,No internet service,No internet service,No internet service,No internet service,No internet service,One year,No,Credit card (automatic),19.8,576.65,0
Female,0,No,No,35,Yes,No,No,No internet service,No internet service,No internet service,No internet service,No internet service,No internet service,One year,No,Mailed check,20.75,700.45,0
Male,1,Yes,Yes,1,Yes,No,DSL,No,No,No,Yes,No,No,Month-to-month,Yes,Credit card (automatic),49.25,49.25,1
Female,0,No,Yes,65,No,No phone service,DSL,No,Yes,No,Yes,Yes,No,Two year,No,Mailed check,45.25,2933.95,0
Male,0,No,No,1,Yes,No,No,No internet service,No internet service,No internet service,No internet service,No internet service,No internet service,Month-to-month,No,Mailed check,20.05,20.05,0
Female,0,No,No,15,Yes,Yes,No,No internet service,No internet service,No internet service,No internet service,No internet service,No internet service,Month-to-month,Yes,Credit card (automatic),25.4,399.6,1
Female,0,No,Yes,9,Yes,No,Fiber optic,Yes,No,Yes,Yes,No,Yes,Month-to-month,No,Bank transfer (automatic),93.0,870.25,0
Female,0,Yes,Yes,10,Yes,No,DSL,No,Yes,No,Yes,No,Yes,Month-to-month,Yes,Electronic check,65.5,616.9,0
Female,0,No,No,1,Yes,No,No,No internet service,No internet service,No internet service,No internet service,No internet service,No internet service,Month-to-month,Yes,Mailed check,20.3,20.3,1
Female,0,No,No,6,Yes,No,No,No internet service,No internet service,No internet service,No internet service,No internet service,No internet service,Month-to-month,No,Credit card (automatic),19.7,129.55,0
Male,0,No,No,1,Yes,No,No,No internet service,No internet service,No internet service,No internet service,No internet service,No internet service,Month-to-month,No,Mailed check,19.45,19.45,0
Female,0,Yes,Yes,23,Yes,Yes,No,No internet service,No internet service,No internet service,No internet service,No internet service,No internet service,Two year,No,Mailed check,25.1,611.45,0
Male,0,No,No,1,Yes,No,No,No internet service,No internet service,No internet service,No internet service,No internet service,No internet service,Month-to-month,No,Mailed check,20.05,20.05,0
Male,0,No,No,1,Yes,No,DSL,Yes,No,No,No,No,No,Month-to-month,Yes,Mailed check,50.7,50.7,0
Female,0,No,Yes,62,Yes,Yes,No,No internet service,No internet service,No internet service,No internet service,No internet service,No internet service,Two year,No,Bank transfer (automatic),26.0,1638.7,0
Male,1,Yes,No,21,Yes,No,DSL,Yes,Yes,No,No,No,Yes,Month-to-month,Yes,Bank transfer (automatic),64.95,1339.8,0
Female,0,Yes,Yes,42,Yes,No,No,No internet service,No internet service,No internet service,No internet service,No internet service,No internet service,One year,Yes,Electronic check,19.05,761.85,0
Male,0,Yes,Yes,72,Yes,Yes,Fiber optic,Yes,No,Yes,No,Yes,Yes,Two year,No,Bank transfer (automatic),105.25,7609.75,0
Female,0,No,No,23,Yes,Yes,DSL,Yes,No,No,No,No,No,Month-to-month,No,Electronic check,54.4,1249.25,0
Female,0,Yes,Yes,32,Yes,Yes,Fiber optic,No,No,Yes,No,No,Yes,Month-to-month,Yes,Bank transfer (automatic),91.05,2954.5,1
Male,0,No,No,16,Yes,No,No,No internet service,No internet service,No internet service,No internet service,No internet service,No internet service,Month-to-month,Yes,Credit card (automatic),20.6,330.25,0
Male,0,Yes,No,44,Yes,No,Fiber optic,No,No,No,No,Yes,Yes,One year,Yes,Bank transfer (automatic),90.65,3974.15,0
Male,1,No,No,15,Yes,Yes,Fiber optic,No,No,No,No,No,No,Month-to-month,Yes,Credit card (automatic),74.2,1133.9,1
Male,0,No,No,35,Yes,No,No,No internet service,No internet service,No internet service,No internet service,No internet service,No internet service,One year,No,Bank transfer (automatic),20.6,754.0,0
Female,0,Yes,No,71,No,No phone service,DSL,Yes,Yes,Yes,Yes,No,No,Two year,Yes,Bank transfer (automatic),47.6,3377.8,0
Female,0,No,No,10,Yes,Yes,Fiber optic,No,No,No,No,No,No,Month-to-month,Yes,Electronic check,74.75,799.65,1
Female,0,Yes,Yes,26,Yes,No,Fiber optic,Yes,Yes,No,No,No,No,Month-to-month,No,Electronic check,81.95,2070.05,0
Female,0,Yes,Yes,17,Yes,Yes,DSL,No,No,Yes,Yes,No,No,One year,Yes,Mailed check,61.95,1070.7,0
Female,0,No,No,15,Yes,No,Fiber optic,Yes,No,Yes,Yes,Yes,Yes,Month-to-month,No,Electronic check,105.1,1582.75,1
Male,0,Yes,Yes,34,Yes,Yes,DSL,No,No,Yes,No,Yes,Yes,One year,No,Bank transfer (automatic),77.2,2753.8,0
Female,0,Yes,No,5,Yes,No,Fiber optic,No,No,No,No,No,No,Month-to-month,Yes,Electronic check,68.95,351.5,0
Male,0,Yes,No,24,Yes,No,DSL,Yes,No,No,Yes,Yes,Yes,One year,No,Bank transfer (automatic),74.4,1712.9,0
Male,1,No,No,8,Yes,No,Fiber optic,Yes,No,No,Yes,Yes,Yes,Month-to-month,No,Credit card (automatic),100.3,832.35,1
Male,0,Yes,No,65,Yes,Yes,Fiber optic,Yes,No,Yes,No,Yes,Yes,Month-to-month,Yes,Electronic check,104.25,6812.95,0
Female,0,Yes,Yes,58,No,No phone service,DSL,Yes,No,Yes,Yes,Yes,Yes,Two year,No,Mailed check,59.75,3624.35,0
Male,0,No,No,4,Yes,No,DSL,No,No,No,No,No,Yes,Month-to-month,Yes,Mailed check,55.3,238.5,0
Female,0,Yes,Yes,22,Yes,Yes,No,No internet service,No internet service,No internet service,No internet service,No internet service,No internet service,Two year,No,Credit card (automatic),25.25,555.4,0
Female,0,Yes,Yes,30,Yes,No,DSL,No,Yes,Yes,Yes,Yes,Yes,Two year,No,Bank transfer (automatic),80.8,2369.3,0
Male,0,Yes,Yes,20,Yes,Yes,Fiber optic,No,Yes,No,Yes,Yes,No,Month-to-month,No,Mailed check,96.8,1826.7,0
Female,0,Yes,No,25,Yes,No,No,No internet service,No internet service,No internet service,No internet service,No internet service,No internet service,One year,Yes,Bank transfer (automatic),20.2,507.9,0
Male,0,No,No,1,Yes,No,DSL,No,No,No,No,No,No,Month-to-month,No,Electronic check,45.75,45.75,1
Female,0,No,No,25,Yes,Yes,Fiber optic,No,Yes,No,No,Yes,Yes,Month-to-month,Yes,Electronic check,100.25,2387.75,1
Female,0,Yes,No,45,Yes,No,DSL,No,No,Yes,No,No,No,Month-to-month,Yes,Credit card (automatic),50.25,2221.55,0
Female,0,Yes,Yes,72,Yes,Yes,Fiber optic,Yes,Yes,Yes,Yes,Yes,Yes,Two year,Yes,Bank transfer (automatic),113.1,8248.5,0
Male,1,No,No,47,Yes,Yes,DSL,No,Yes,No,Yes,No,No,Two year,No,Bank transfer (automatic),59.6,2754.0,0
Female,0,No,No,68,Yes,Yes,DSL,No,Yes,Yes,No,Yes,Yes,Two year,Yes,Electronic check,80.65,5330.2,0
Female,0,No,No,38,Yes,No,No,No internet service,No internet service,No internet service,No internet service,No internet service,No internet service,Two year,No,Mailed check,20.3,743.05,0
Male,0,Yes,No,71,No,No phone service,DSL,No,Yes,No,No,Yes,Yes,Two year,No,Electronic check,49.35,3515.25,1
Male,0,Yes,No,72,Yes,Yes,No,No internet service,No internet service,No internet service,No internet service,No internet service,No internet service,Two year,No,Credit card (automatic),24.8,1874.3,0
Male,0,No,Yes,3,Yes,Yes,No,No internet service,No internet service,No internet service,No internet service,No internet service,No internet service,Two year,Yes,Mailed check,26.4,121.25,0
Male,0,No,Yes,1,Yes,Yes,Fiber optic,No,No,Yes,No,Yes,Yes,Month-to-month,Yes,Electronic check,99.75,99.75,1
Female,1,No,No,4,Yes,No,Fiber optic,No,No,No,No,Yes,No,Month-to-month,Yes,Electronic check,78.85,292.8,1
Male,0,No,No,56,Yes,No,DSL,No,Yes,No,Yes,Yes,Yes,One year,Yes,Bank transfer (automatic),75.75,4284.65,0
Male,0,No,No,1,Yes,No,No,No internet service,No internet service,No internet service,No internet service,No internet service,No internet service,Month-to-month,No,Credit card (automatic),20.75,20.75,0
Male,0,No,No,39,No,No phone service,DSL,No,No,Yes,Yes,No,No,One year,No,Mailed check,35.55,1309.15,0
Male,0,No,No,13,Yes,Yes,Fiber optic,No,No,No,Yes,Yes,Yes,Month-to-month,Yes,Mailed check,99.0,1301.7,1
Male,0,No,No,22,Yes,Yes,No,No internet service,No internet service,No internet service,No internet service,No internet service,No internet service,Two year,No,Mailed check,25.25,566.5,0
Female,1,Yes,No,26,Yes,No,Fiber optic,No,Yes,No,No,No,Yes,Month-to-month,No,Electronic check,84.95,2169.75,1
Male,0,Yes,Yes,5,Yes,Yes,Fiber optic,No,Yes,No,No,No,No,Month-to-month,Yes,Electronic check,80.15,385.0,1
Male,0,No,No,69,Yes,Yes,Fiber optic,No,Yes,No,Yes,Yes,Yes,One year,Yes,Bank transfer (automatic),105.2,7386.05,0
Female,0,Yes,Yes,48,Yes,No,No,No internet service,No internet service,No internet service,No internet service,No internet service,No internet service,Two year,No,Bank transfer (automatic),20.65,1057.0,0
Female,0,No,No,7,Yes,No,No,No internet service,No internet service,No internet service,No internet service,No internet service,No internet service,Month-to-month,No,Bank transfer (automatic),20.0,137.6,1
Female,0,Yes,Yes,17,Yes,Yes,Fiber optic,No,No,Yes,No,Yes,No,Month-to-month,No,Electronic check,88.25,1460.65,1
Male,0,No,Yes,5,Yes,No,DSL,No,No,No,Yes,No,No,Month-to-month,Yes,Bank transfer (automatic),48.65,235.2,0
Female,0,No,No,60,No,No phone service,DSL,Yes,No,Yes,No,No,Yes,One year,Yes,Electronic check,44.45,2773.9,0
Female,0,No,No,2,No,No phone service,DSL,No,No,No,No,Yes,Yes,Month-to-month,Yes,Electronic check,45.25,85.5,1
Female,0,Yes,Yes,23,Yes,Yes,DSL,Yes,No,Yes,Yes,Yes,No,Two year,Yes,Bank transfer (automatic),77.15,1759.4,0
Male,0,No,No,1,No,No phone service,DSL,No,No,No,No,No,No,Month-to-month,Yes,Electronic check,24.4,24.4,0
Female,0,No,No,60,Yes,Yes,DSL,Yes,No,Yes,Yes,No,No,One year,No,Electronic check,64.75,4039.5,0
Male,0,Yes,Yes,70,Yes,No,Fiber optic,No,Yes,Yes,Yes,Yes,Yes,One year,Yes,Electronic check,106.15,7475.1,0
Female,0,Yes,No,12,Yes,No,DSL,Yes,No,No,Yes,No,No,Month-to-month,No,Bank transfer (automatic),54.2,690.5,0
Female,1,Yes,No,72,Yes,Yes,DSL,Yes,Yes,Yes,No,Yes,Yes,Two year,Yes,Credit card (automatic),84.1,6129.65,0
Female,0,Yes,No,2,Yes,No,Fiber optic,Yes,No,No,No,No,No,Month-to-month,Yes,Electronic check,74.4,139.4,1
Female,0,Yes,No,63,Yes,No,Fiber optic,Yes,No,Yes,No,No,No,One year,Yes,Credit card (automatic),81.15,5224.5,0
Female,0,No,No,1,Yes,No,Fiber optic,Yes,Yes,No,Yes,No,No,Month-to-month,Yes,Mailed check,83.4,83.4,0
Male,0,Yes,No,14,Yes,No,DSL,No,No,Yes,No,No,No,Month-to-month,No,Credit card (automatic),50.2,668.85,0
Female,0,No,No,2,Yes,Yes,Fiber optic,No,No,No,No,No,No,Month-to-month,Yes,Electronic check,75.9,143.35,1
Male,0,Yes,No,71,Yes,No,DSL,Yes,Yes,Yes,Yes,Yes,Yes,Two year,Yes,Bank transfer (automatic),86.1,6045.9,0
Male,0,Yes,Yes,72,Yes,Yes,No,No internet service,No internet service,No internet service,No internet service,No internet service,No internet service,Two year,Yes,Bank transfer (automatic),25.2,1798.9,0
Female,0,No,Yes,16,Yes,No,No,No internet service,No internet service,No internet service,No internet service,No internet service,No internet service,One year,Yes,Bank transfer (automatic),19.3,360.35,0
Female,0,No,No,35,Yes,No,Fiber optic,No,No,Yes,Yes,Yes,Yes,One year,Yes,Electronic check,99.25,3532.0,0
Female,0,Yes,No,67,Yes,Yes,Fiber optic,Yes,No,Yes,Yes,Yes,Yes,One year,Yes,Electronic check,111.25,7511.65,0
Female,0,Yes,Yes,4,Yes,No,DSL,Yes,No,No,No,No,No,Month-to-month,No,Electronic check,50.3,217.1,0
Female,0,No,No,28,Yes,No,DSL,Yes,Yes,No,No,No,No,Month-to-month,No,Electronic check,56.05,1522.65,0
Male,1,Yes,No,53,Yes,Yes,DSL,Yes,No,No,Yes,No,No,One year,Yes,Electronic check,60.05,3229.65,1
Female,0,Yes,No,71,Yes,Yes,No,No internet service,No internet service,No internet service,No internet service,No internet service,No internet service,Two year,Yes,Bank transfer (automatic),24.65,1710.15,0
Female,1,No,No,49,Yes,Yes,Fiber optic,Yes,Yes,Yes,Yes,No,Yes,One year,No,Bank transfer (automatic),103.0,5166.2,0
Male,0,Yes,No,4,No,No phone service,DSL,No,Yes,No,No,Yes,Yes,Month-to-month,Yes,Electronic check,48.55,201.0,1
Female,0,Yes,No,37,No,No phone service,DSL,Yes,No,No,Yes,Yes,No,Two year,No,Electronic check,45.4,1593.1,0
Male,0,No,Yes,1,No,No phone service,DSL,No,No,No,No,No,No,Month-to-month,No,Mailed check,24.2,24.2,0
Male,0,No,No,8,Yes,No,DSL,No,No,No,No,No,No,Month-to-month,Yes,Mailed check,45.15,438.4,1
Female,1,No,No,6,No,No phone service,DSL,No,No,No,No,Yes,Yes,Month-to-month,Yes,Electronic check,44.4,263.05,0
Female,0,Yes,Yes,61,Yes,Yes,Fiber optic,Yes,Yes,Yes,Yes,Yes,Yes,Two year,No,Credit card (automatic),115.1,7008.15,0
Female,0,Yes,Yes,69,Yes,Yes,Fiber optic,No,Yes,Yes,No,Yes,Yes,Month-to-month,Yes,Electronic check,103.95,7446.9,1
Male,1,No,No,41,Yes,Yes,Fiber optic,No,No,Yes,No,Yes,Yes,Month-to-month,Yes,Electronic check,98.4,4187.75,1
Male,0,No,No,13,Yes,No,Fiber optic,No,No,No,No,Yes,Yes,Month-to-month,Yes,Electronic check,91.1,1135.7,1
Female,0,Yes,Yes,17,Yes,No,No,No internet service,No internet service,No internet service,No internet service,No internet service,No internet service,One year,No,Mailed check,20.75,418.25,0
Male,0,Yes,No,27,Yes,No,DSL,No,Yes,No,Yes,No,No,Month-to-month,Yes,Electronic check,53.8,1389.85,0
Female,0,Yes,Yes,12,Yes,Yes,No,No internet service,No internet service,No internet service,No internet service,No internet service,No internet service,Two year,No,Credit card (automatic),25.25,274.7,0
Male,0,Yes,Yes,22,Yes,Yes,Fiber optic,No,No,Yes,No,Yes,No,Month-to-month,Yes,Electronic check,88.75,1885.15,0
Female,1,No,Yes,1,Yes,No,Fiber optic,No,No,No,No,No,No,Month-to-month,Yes,Electronic check,71.0,71.0,1
Female,0,No,Yes,12,Yes,Yes,Fiber optic,Yes,No,No,No,No,No,Month-to-month,Yes,Electronic check,78.3,909.25,1
Male,0,Yes,No,29,Yes,No,Fiber optic,No,No,Yes,No,No,No,Month-to-month,Yes,Credit card (automatic),75.3,2263.4,0
Male,1,Yes,No,40,Yes,No,DSL,No,No,No,No,No,Yes,One year,No,Electronic check,55.8,2283.3,0
Female,0,No,No,7,Yes,No,No,No internet service,No internet service,No internet service,No internet service,No internet service,No internet service,Month-to-month,No,Mailed check,19.3,144.95,0
Male,1,Yes,Yes,20,Yes,No,Fiber optic,Yes,No,Yes,Yes,No,Yes,One year,No,Credit card (automatic),94.3,1818.3,0
Male,1,Yes,No,72,Yes,Yes,DSL,Yes,Yes,Yes,No,Yes,Yes,Two year,No,Credit card (automatic),84.45,5899.85,0
Male,1,No,No,8,Yes,No,Fiber optic,No,No,No,No,No,No,Month-to-month,Yes,Credit card (automatic),69.95,562.7,0
Male,0,No,No,23,Yes,No,Fiber optic,Yes,No,Yes,No,Yes,Yes,One year,Yes,Credit card (automatic),99.95,2292.75,0
Female,0,No,No,47,Yes,No,Fiber optic,Yes,No,Yes,Yes,Yes,Yes,One year,Yes,Electronic check,103.7,4730.6,0
Female,0,Yes,No,65,Yes,Yes,Fiber optic,Yes,No,Yes,No,Yes,Yes,Month-to-month,Yes,Electronic check,105.05,6914.95,0
Male,0,No,No,10,Yes,Yes,Fiber optic,No,Yes,No,No,No,No,Month-to-month,Yes,Bank transfer (automatic),80.7,788.8,1
Male,1,No,No,43,Yes,Yes,Fiber optic,No,No,No,No,Yes,No,Month-to-month,Yes,Electronic check,84.85,3645.6,0
Male,0,Yes,Yes,71,Yes,Yes,DSL,Yes,Yes,Yes,Yes,Yes,Yes,Two year,No,Credit card (automatic),90.3,6287.3,0
Male,0,No,No,63,Yes,Yes,Fiber optic,No,Yes,Yes,No,Yes,Yes,Two year,Yes,Bank transfer (automatic),104.75,6536.5,0
Female,0,Yes,Yes,72,Yes,Yes,DSL,Yes,Yes,Yes,Yes,Yes,Yes,Two year,No,Credit card (automatic),89.75,6595.9,0
Female,0,No,No,1,Yes,No,Fiber optic,No,No,No,No,No,No,Month-to-month,Yes,Electronic check,70.85,70.85,1
Male,0,Yes,No,40,Yes,Yes,Fiber optic,No,Yes,No,No,Yes,Yes,Month-to-month,Yes,Electronic check,101.3,4113.1,1
Male,0,No,No,1,Yes,Yes,DSL,No,No,No,No,No,No,Month-to-month,Yes,Credit card (automatic),49.8,49.8,0
Male,0,No,Yes,29,No,No phone service,DSL,Yes,Yes,Yes,Yes,No,No,Month-to-month,Yes,Mailed check,45.0,1242.45,0
Male,1,Yes,No,16,Yes,No,Fiber optic,No,No,No,No,No,No,Month-to-month,Yes,Bank transfer (automatic),71.8,1167.8,1
Female,0,Yes,Yes,65,Yes,Yes,Fiber optic,Yes,No,Yes,Yes,Yes,Yes,Two year,No,Electronic check,109.3,7337.55,0
Male,0,Yes,Yes,56,Yes,No,DSL,Yes,Yes,Yes,No,No,No,Two year,Yes,Bank transfer (automatic),59.8,3457.45,0
Female,0,No,No,40,Yes,No,DSL,Yes,Yes,No,No,Yes,No,Month-to-month,No,Mailed check,65.1,2586.0,0
Female,0,Yes,No,70,Yes,Yes,Fiber optic,No,No,Yes,Yes,Yes,Yes,Two year,Yes,Bank transfer (automatic),104.3,7188.5,0
Male,0,No,Yes,12,Yes,No,No,No internet service,No internet service,No internet service,No internet service,No internet service,No internet service,Two year,No,Bank transfer (automatic),19.35,212.3,0
Male,0,Yes,No,60,Yes,No,No,No internet service,No internet service,No internet service,No internet service,No internet service,No internet service,Two year,No,Mailed check,19.95,1258.15,0
Male,0,No,No,13,Yes,No,Fiber optic,Yes,No,No,No,No,No,Month-to-month,Yes,Credit card (automatic),73.75,956.65,0
Female,0,Yes,Yes,25,Yes,No,No,No internet service,No internet service,No internet service,No internet service,No internet service,No internet service,One year,No,Mailed check,20.05,520.1,0
Male,0,Yes,Yes,19,Yes,Yes,DSL,No,No,No,No,No,No,Month-to-month,No,Credit card (automatic),50.1,910.45,0
Female,0,No,No,20,Yes,No,No,No internet service,No internet service,No internet service,No internet service,No internet service,No internet service,One year,No,Mailed check,19.5,403.15,0
Female,0,No,No,38,Yes,No,Fiber optic,No,No,No,No,Yes,Yes,One year,Yes,Mailed check,89.1,3342.0,0
Female,0,No,Yes,9,Yes,No,DSL,No,No,Yes,Yes,Yes,Yes,Month-to-month,Yes,Mailed check,72.9,651.4,1
Male,1,No,No,1,Yes,No,Fiber optic,No,No,No,No,No,No,Month-to-month,No,Electronic check,69.1,69.1,1
Female,0,No,No,43,Yes,No,Fiber optic,No,Yes,Yes,No,Yes,No,Month-to-month,Yes,Electronic check,91.65,3954.1,0
Male,0,No,No,3,Yes,Yes,DSL,No,No,No,No,No,No,Month-to-month,No,Bank transfer (automatic),50.4,137.25,0
Male,0,Yes,Yes,72,Yes,Yes,Fiber optic,Yes,Yes,Yes,No,Yes,Yes,Two year,Yes,Credit card (automatic),108.4,7767.25,0
Male,0,Yes,Yes,66,Yes,No,Fiber optic,Yes,Yes,Yes,No,Yes,Yes,One year,Yes,Bank transfer (automatic),103.15,7031.3,0
Female,1,No,No,1,Yes,No,DSL,Yes,No,Yes,No,No,No,Month-to-month,Yes,Electronic check,55.8,55.8,1
Female,1,Yes,No,28,Yes,Yes,Fiber optic,No,No,No,Yes,Yes,Yes,Month-to-month,Yes,Credit card (automatic),101.3,2812.2,1
Male,0,No,No,2,Yes,No,No,No internet service,No internet service,No internet service,No internet service,No internet service,No internet service,Month-to-month,Yes,Credit card (automatic),19.9,33.7,0
Female,0,No,No,13,Yes,Yes,Fiber optic,Yes,No,No,No,No,No,Month-to-month,Yes,Credit card (automatic),80.0,1029.35,0
Female,1,Yes,No,68,Yes,No,DSL,No,Yes,Yes,Yes,No,No,One year,Yes,Bank transfer (automatic),60.65,3975.9,0
Male,1,No,No,35,Yes,Yes,Fiber optic,Yes,No,No,No,No,Yes,Month-to-month,No,Credit card (automatic),91.0,3180.5,0
Male,0,No,No,4,Yes,No,Fiber optic,Yes,Yes,No,Yes,No,Yes,Month-to-month,Yes,Mailed check,94.9,360.55,0
Female,0,No,Yes,46,Yes,Yes,Fiber optic,No,No,Yes,Yes,No,No,Month-to-month,Yes,Bank transfer (automatic),84.8,3958.85,0
Female,0,Yes,Yes,54,Yes,No,No,No internet service,No internet service,No internet service,No internet service,No internet service,No internet service,Two year,Yes,Bank transfer (automatic),20.35,1092.35,0
Male,1,No,No,10,Yes,Yes,Fiber optic,No,No,No,No,Yes,Yes,Month-to-month,Yes,Electronic check,95.35,898.35,1
Male,1,Yes,No,54,Yes,Yes,Fiber optic,No,No,No,No,No,No,Month-to-month,No,Bank transfer (automatic),74.0,3919.15,0
Male,0,Yes,Yes,6,Yes,No,No,No internet service,No internet service,No internet service,No internet service,No internet service,No internet service,Month-to-month,No,Credit card (automatic),19.85,138.85,0
Female,0,Yes,No,71,Yes,Yes,No,No internet service,No internet service,No internet service,No internet service,No internet service,No internet service,Two year,Yes,Credit card (automatic),24.4,1725.4,0
Female,0,Yes,Yes,23,Yes,Yes,No,No internet service,No internet service,No internet service,No internet service,No internet service,No internet service,Two year,No,Mailed check,23.85,625.65,0
Male,0,Yes,No,49,Yes,Yes,DSL,Yes,No,No,No,No,No,One year,Yes,Electronic check,55.35,2633.95,0
Female,0,Yes,No,48,Yes,No,Fiber optic,No,No,Yes,Yes,Yes,Yes,Month-to-month,Yes,Credit card (automatic),100.05,4834.0,0
Male,0,Yes,Yes,50,Yes,No,Fiber optic,No,Yes,Yes,Yes,Yes,Yes,One year,Yes,Bank transfer (automatic),103.4,5236.4,0
Female,0,Yes,No,28,Yes,No,Fiber optic,No,Yes,Yes,No,No,Yes,Month-to-month,No,Credit card (automatic),89.9,2433.5,0
Male,0,No,No,11,Yes,No,Fiber optic,No,Yes,No,No,No,No,Month-to-month,Yes,Mailed check,75.9,866.4,0
Male,1,Yes,No,51,Yes,Yes,Fiber optic,Yes,No,Yes,No,No,Yes,One year,Yes,Bank transfer (automatic),93.65,4839.15,0
Male,0,No,No,31,Yes,No,No,No internet service,No internet service,No internet service,No internet service,No internet service,No internet service,Two year,No,Bank transfer (automatic),20.4,609.1,0
Female,0,Yes,Yes,26,Yes,No,Fiber optic,No,No,No,No,Yes,Yes,Month-to-month,Yes,Electronic check,90.8,2361.8,1
Female,0,No,No,4,Yes,No,DSL,No,Yes,No,No,Yes,Yes,Month-to-month,Yes,Bank transfer (automatic),68.65,261.25,1
Male,0,No,No,49,Yes,Yes,Fiber optic,No,Yes,No,No,Yes,Yes,Month-to-month,No,Electronic check,98.7,4920.55,0
Female,0,No,No,38,Yes,Yes,No,No internet service,No internet service,No internet service,No internet service,No internet service,No internet service,One year,Yes,Electronic check,24.25,914.4,0
Female,1,Yes,Yes,62,Yes,Yes,Fiber optic,No,Yes,Yes,No,No,Yes,Month-to-month,Yes,Credit card (automatic),96.1,6019.35,0
Female,0,Yes,No,52,Yes,No,DSL,Yes,No,Yes,No,Yes,No,One year,Yes,Mailed check,64.3,3410.6,0
Male,1,No,No,19,Yes,No,Fiber optic,No,No,Yes,No,Yes,Yes,Month-to-month,Yes,Credit card (automatic),95.9,1777.9,1
Female,1,No,No,2,Yes,No,Fiber optic,No,No,No,No,Yes,No,Month-to-month,No,Mailed check,81.5,162.55,0
Male,1,No,No,20,Yes,No,Fiber optic,No,No,No,No,Yes,Yes,Month-to-month,No,Electronic check,89.95,1648.45,0
Male,1,Yes,No,41,Yes,Yes,Fiber optic,No,No,Yes,No,Yes,Yes,Month-to-month,Yes,Electronic check,99.8,4259.3,1
Female,0,Yes,No,1,Yes,No,Fiber optic,No,No,No,No,Yes,No,Month-to-month,No,Electronic check,78.8,78.8,1
Female,1,Yes,No,47,Yes,Yes,DSL,Yes,Yes,Yes,No,No,No,Month-to-month,Yes,Credit card (automatic),67.45,3252.0,0
Male,0,No,No,30,Yes,Yes,Fiber optic,Yes,Yes,No,No,No,Yes,Month-to-month,Yes,Credit card (automatic),94.3,2679.7,0
Male,0,Yes,No,67,Yes,Yes,DSL,Yes,Yes,Yes,Yes,No,No,Two year,No,Credit card (automatic),70.9,4677.1,0
Female,1,No,Yes,30,Yes,Yes,Fiber optic,No,No,No,Yes,Yes,Yes,Month-to-month,Yes,Electronic check,101.3,2974.5,0
Female,0,Yes,Yes,72,Yes,No,Fiber optic,Yes,Yes,Yes,Yes,Yes,Yes,Two year,Yes,Credit card (automatic),109.5,7854.9,0
Male,1,Yes,No,72,Yes,No,DSL,Yes,Yes,Yes,Yes,Yes,No,Two year,No,Bank transfer (automatic),74.4,5360.75,0
Female,0,Yes,Yes,72,Yes,Yes,Fiber optic,Yes,Yes,Yes,No,Yes,Yes,Two year,No,Credit card (automatic),109.55,7887.25,0
Female,0,Yes,No,54,Yes,Yes,DSL,No,No,No,No,Yes,Yes,One year,Yes,Credit card (automatic),70.15,3715.65,1
Male,0,Yes,No,67,Yes,Yes,Fiber optic,No,Yes,No,No,Yes,No,One year,Yes,Bank transfer (automatic),88.4,5798.3,0
Male,0,Yes,Yes,1,Yes,No,No,No internet service,No internet service,No internet service,No internet service,No internet service,No internet service,One year,No,Credit card (automatic),19.85,19.85,0
Female,0,No,No,52,No,No phone service,DSL,Yes,Yes,No,Yes,No,No,Two year,No,Mailed check,39.1,1982.1,0
Female,0,Yes,No,72,Yes,Yes,Fiber optic,Yes,Yes,Yes,Yes,Yes,Yes,Two year,Yes,Credit card (automatic),115.55,8312.4,0
Male,0,Yes,Yes,25,Yes,Yes,No,No internet service,No internet service,No internet service,No internet service,No internet service,No internet service,Two year,No,Credit card (automatic),25.5,630.6,0
Male,0,No,No,12,Yes,No,DSL,Yes,No,No,Yes,No,No,Month-to-month,No,Mailed check,56.65,654.85,1
Female,0,No,No,1,Yes,No,No,No internet service,No internet service,No internet service,No internet service,No internet service,No internet service,Month-to-month,No,Mailed check,19.1,19.1,0
Female,0,No,No,2,Yes,No,No,No internet service,No internet service,No internet service,No internet service,No internet service,No internet service,Month-to-month,No,Mailed check,20.1,39.8,0
Male,0,No,No,17,Yes,No,No,No internet service,No internet service,No internet service,No internet service,No internet service,No internet service,Two year,No,Mailed check,19.15,343.45,0
Female,0,Yes,Yes,3,No,No phone service,DSL,No,No,No,Yes,No,No,Month-to-month,Yes,Mailed check,31.0,95.05,1
Female,0,Yes,Yes,64,Yes,Yes,DSL,No,Yes,No,No,No,No,One year,Yes,Bank transfer (automatic),53.85,3399.85,0
Male,0,Yes,Yes,23,Yes,No,No,No internet service,No internet service,No internet service,No internet service,No internet service,No internet service,One year,Yes,Credit card (automatic),20.0,445.3,0
Male,1,No,No,1,Yes,No,DSL,No,No,No,No,No,No,Month-to-month,No,Bank transfer (automatic),45.25,45.25,0
Female,0,Yes,Yes,30,Yes,Yes,No,No internet service,No internet service,No internet service,No internet service,No internet service,No internet service,Two year,Yes,Mailed check,25.1,789.55,0
Female,0,Yes,Yes,49,No,No phone service,DSL,Yes,No,No,Yes,No,No,One year,Yes,Credit card (automatic),35.8,1782.0,0
Male,0,Yes,No,72,Yes,Yes,DSL,Yes,No,Yes,Yes,Yes,Yes,Two year,No,Credit card (automatic),86.65,6094.25,0
Male,0,No,No,3,Yes,Yes,Fiber optic,No,Yes,Yes,No,Yes,Yes,Month-to-month,Yes,Bank transfer (automatic),105.35,323.25,1
Female,0,Yes,Yes,20,Yes,Yes,Fiber optic,No,Yes,Yes,No,Yes,Yes,Month-to-month,Yes,Bank transfer (automatic),105.85,2239.65,1
Female,0,No,No,62,Yes,No,No,No internet service,No internet service,No internet service,No internet service,No internet service,No internet service,Two year,Yes,Credit card (automatic),19.2,1123.65,0
Female,0,Yes,Yes,32,Yes,No,DSL,Yes,Yes,Yes,Yes,No,Yes,Two year,No,Mailed check,73.6,2316.85,0
Male,0,Yes,No,72,Yes,Yes,DSL,No,Yes,Yes,No,Yes,Yes,Two year,No,Bank transfer (automatic),82.15,5784.3,0
Female,0,Yes,No,25,Yes,Yes,DSL,No,Yes,No,No,No,No,Month-to-month,No,Electronic check,54.1,1373.0,0
Male,0,Yes,Yes,71,Yes,No,DSL,Yes,Yes,Yes,Yes,Yes,Yes,Two year,No,Bank transfer (automatic),85.45,6029.9,0
Male,0,Yes,No,33,Yes,Yes,Fiber optic,No,Yes,Yes,No,No,Yes,Month-to-month,Yes,Electronic check,93.35,3092.0,0
Female,1,Yes,No,67,Yes,Yes,Fiber optic,Yes,Yes,No,No,Yes,Yes,One year,Yes,Electronic check,105.6,7112.15,0
Male,0,Yes,Yes,63,Yes,Yes,No,No internet service,No internet service,No internet service,No internet service,No internet service,No internet service,Two year,No,Mailed check,25.25,1573.05,0
Female,0,Yes,No,6,Yes,Yes,DSL,No,No,No,No,No,No,Month-to-month,No,Electronic check,50.35,314.55,0
Female,1,Yes,Yes,3,Yes,No,Fiber optic,Yes,No,No,Yes,Yes,No,Month-to-month,Yes,Mailed check,88.3,273.75,1
Male,0,No,No,3,No,No phone service,DSL,No,Yes,No,Yes,No,No,Month-to-month,Yes,Mailed check,36.85,108.7,1
Female,0,No,No,3,Yes,No,Fiber optic,No,No,No,No,Yes,Yes,Month-to-month,Yes,Electronic check,89.45,240.45,1
Female,1,Yes,No,72,Yes,Yes,No,No internet service,No internet service,No internet service,No internet service,No internet service,No internet service,Two year,No,Bank transfer (automatic),24.3,1778.7,0
Male,0,Yes,Yes,19,Yes,No,Fiber optic,No,Yes,No,Yes,Yes,Yes,One year,No,Bank transfer (automatic),100.0,1888.65,1
Male,0,Yes,No,65,Yes,Yes,DSL,Yes,Yes,Yes,No,No,No,One year,No,Credit card (automatic),67.05,4309.55,0
Male,0,Yes,No,3,Yes,No,No,No internet service,No internet service,No internet service,No internet service,No internet service,No internet service,Month-to-month,No,Bank transfer (automatic),20.0,49.65,0
Female,0,Yes,Yes,59,Yes,Yes,No,No internet service,No internet service,No internet service,No internet service,No internet service,No internet service,Two year,No,Mailed check,25.45,1534.05,0
Male,0,No,No,11,Yes,No,Fiber optic,No,No,No,No,No,No,Month-to-month,No,Electronic check,70.2,760.05,0
Male,0,No,No,68,Yes,Yes,Fiber optic,No,Yes,Yes,Yes,Yes,Yes,One year,No,Electronic check,108.45,7176.55,1
Male,0,Yes,No,55,Yes,Yes,Fiber optic,Yes,Yes,No,No,Yes,No,Month-to-month,Yes,Electronic check,96.75,5238.9,1
Female,0,Yes,Yes,64,Yes,Yes,No,No internet service,No internet service,No internet service,No internet service,No internet service,No internet service,One year,No,Mailed check,24.9,1595.5,0
Male,0,Yes,Yes,35,Yes,No,No,No internet service,No internet service,No internet service,No internet service,No internet service,No internet service,Two year,No,Mailed check,19.6,686.95,0
Female,0,No,No,16,Yes,No,No,No internet service,No internet service,No internet service,No internet service,No internet service,No internet service,One year,No,Mailed check,19.05,326.65,0
Female,0,Yes,Yes,7,Yes,No,No,No internet service,No internet service,No internet service,No internet service,No internet service,No internet service,Month-to-month,No,Mailed check,20.65,158.95,0
Male,1,Yes,No,72,Yes,Yes,DSL,Yes,Yes,Yes,No,Yes,Yes,Two year,Yes,Credit card (automatic),84.1,5981.65,0
Male,0,Yes,Yes,29,Yes,No,No,No internet service,No internet service,No internet service,No internet service,No internet service,No internet service,Month-to-month,Yes,Mailed check,20.65,654.85,0
Female,0,Yes,Yes,60,No,No phone service,DSL,Yes,No,Yes,Yes,Yes,Yes,Two year,No,Credit card (automatic),59.85,3590.2,0
Female,0,No,No,24,No,No phone service,DSL,No,Yes,Yes,No,Yes,Yes,Month-to-month,Yes,Credit card (automatic),54.15,1240.25,1
Male,0,Yes,No,37,Yes,Yes,Fiber optic,No,No,Yes,Yes,Yes,No,Two year,No,Mailed check,94.3,3460.95,0
Male,0,Yes,Yes,11,Yes,Yes,DSL,Yes,No,No,No,Yes,No,Month-to-month,Yes,Bank transfer (automatic),65.15,723.35,0
Female,0,No,No,6,No,No phone service,DSL,Yes,Yes,Yes,Yes,Yes,Yes,Two year,Yes,Mailed check,63.4,348.8,0
Female,1,Yes,No,17,Yes,Yes,Fiber optic,Yes,No,Yes,No,No,No,Month-to-month,Yes,Bank transfer (automatic),85.35,1463.45,1
Female,0,Yes,No,72,Yes,Yes,No,No internet service,No internet service,No internet service,No internet service,No internet service,No internet service,Two year,No,Credit card (automatic),24.85,1871.85,0
Female,0,No,Yes,1,Yes,No,DSL,Yes,Yes,No,Yes,No,No,Month-to-month,Yes,Electronic check,60.0,60.0,1
Female,1,No,No,7,Yes,No,DSL,No,Yes,No,No,No,No,Month-to-month,Yes,Mailed check,51.3,419.35,0
Female,0,No,No,70,Yes,Yes,DSL,Yes,Yes,Yes,Yes,Yes,Yes,Two year,No,Credit card (automatic),89.75,6367.2,0
Female,0,No,No,68,Yes,No,DSL,Yes,No,Yes,No,No,No,One year,Yes,Credit card (automatic),54.45,3674.95,0
Female,0,Yes,No,47,Yes,No,Fiber optic,No,No,Yes,No,No,Yes,Month-to-month,Yes,Electronic check,85.3,4045.65,1
Male,0,No,No,1,No,No phone service,DSL,No,No,No,No,No,Yes,Month-to-month,Yes,Bank transfer (automatic),35.25,35.25,1
Female,1,No,No,8,Yes,No,Fiber optic,No,No,Yes,No,Yes,Yes,Month-to-month,Yes,Electronic check,92.1,729.95,1
Male,0,No,No,32,Yes,No,DSL,No,No,No,No,Yes,Yes,One year,Yes,Bank transfer (automatic),64.85,2010.95,0
Female,0,No,No,24,Yes,No,No,No internet service,No internet service,No internet service,No internet service,No internet service,No internet service,Two year,Yes,Bank transfer (automatic),19.55,470.2,0
Male,0,Yes,Yes,42,Yes,No,No,No internet service,No internet service,No internet service,No internet service,No internet service,No internet service,One year,No,Mailed check,20.25,854.9,0
Male,0,Yes,Yes,2,Yes,No,Fiber optic,Yes,No,No,No,Yes,Yes,Month-to-month,No,Electronic check,97.1,184.15,0
Female,1,No,No,26,Yes,No,Fiber optic,Yes,No,No,No,Yes,No,Month-to-month,Yes,Credit card (automatic),85.8,2193.65,0
Female,0,No,No,14,Yes,Yes,Fiber optic,No,No,Yes,No,No,No,Month-to-month,Yes,Electronic check,80.45,1072.0,1
Female,0,No,No,51,Yes,Yes,No,No internet service,No internet service,No internet service,No internet service,No internet service,No internet service,Two year,No,Bank transfer (automatic),24.95,1288.0,0
Male,0,No,No,1,Yes,No,DSL,No,No,No,No,No,Yes,Month-to-month,Yes,Electronic check,55.0,55.0,1
Male,0,No,No,37,Yes,Yes,Fiber optic,No,No,No,Yes,Yes,Yes,Month-to-month,No,Bank transfer (automatic),98.8,3475.55,1
Female,0,Yes,Yes,46,Yes,No,Fiber optic,No,No,Yes,Yes,No,Yes,One year,No,Bank transfer (automatic),90.95,4236.6,0
Male,1,Yes,No,63,Yes,Yes,Fiber optic,Yes,Yes,Yes,No,Yes,Yes,Two year,No,Credit card (automatic),108.5,6991.9,0
Male,0,Yes,Yes,68,Yes,No,Fiber optic,Yes,No,Yes,No,No,No,Two year,No,Credit card (automatic),80.35,5375.15,0
Male,0,Yes,Yes,54,Yes,No,Fiber optic,No,Yes,No,Yes,No,No,Two year,Yes,Bank transfer (automatic),79.95,4362.05,0
Male,0,Yes,Yes,72,Yes,Yes,DSL,Yes,No,Yes,Yes,Yes,Yes,Two year,Yes,Credit card (automatic),83.55,6093.3,0
Male,1,Yes,No,68,Yes,Yes,Fiber optic,No,Yes,Yes,No,Yes,Yes,Month-to-month,Yes,Electronic check,105.3,7299.65,1
Female,0,Yes,Yes,12,No,No phone service,DSL,No,No,No,Yes,No,No,One year,No,Credit card (automatic),30.25,368.85,0
Male,0,Yes,Yes,28,Yes,No,Fiber optic,No,Yes,Yes,No,Yes,Yes,One year,No,Bank transfer (automatic),100.35,2799.0,0
Female,0,Yes,Yes,62,No,No phone service,DSL,Yes,Yes,No,Yes,Yes,No,Two year,No,Bank transfer (automatic),48.7,3008.55,0
Male,1,Yes,No,71,Yes,Yes,No,No internet service,No internet service,No internet service,No internet service,No internet service,No internet service,Two year,No,Credit card (automatic),25.45,1789.65,0
Female,1,Yes,No,63,Yes,Yes,Fiber optic,No,Yes,Yes,No,Yes,Yes,Month-to-month,Yes,Electronic check,103.5,6479.4,0
Male,0,No,No,40,Yes,No,DSL,No,No,No,Yes,No,No,Month-to-month,Yes,Electronic check,51.1,2092.9,0
Male,0,No,No,1,Yes,No,No,No internet service,No internet service,No internet service,No internet service,No internet service,No internet service,Month-to-month,Yes,Mailed check,18.85,18.85,1
Male,0,Yes,Yes,1,Yes,No,DSL,No,No,No,No,No,No,Month-to-month,No,Electronic check,44.55,44.55,0
Female,1,Yes,No,3,Yes,No,Fiber optic,No,No,No,Yes,Yes,No,Month-to-month,Yes,Mailed check,83.9,267.4,1
Female,0,No,No,36,Yes,Yes,DSL,Yes,No,Yes,Yes,Yes,Yes,One year,Yes,Credit card (automatic),89.65,3348.1,0
Male,0,Yes,No,45,Yes,Yes,Fiber optic,No,Yes,Yes,No,Yes,Yes,Month-to-month,Yes,Bank transfer (automatic),107.75,4882.8,0
Male,0,No,Yes,1,Yes,No,No,No internet service,No internet service,No internet service,No internet service,No internet service,No internet service,Month-to-month,Yes,Mailed check,19.3,19.3,0
Female,0,Yes,Yes,8,Yes,No,No,No internet service,No internet service,No internet service,No internet service,No internet service,No internet service,Month-to-month,No,Credit card (automatic),21.05,139.75,0
Male,0,Yes,Yes,12,Yes,No,DSL,No,No,No,No,Yes,No,Month-to-month,Yes,Mailed check,56.3,628.65,0
Female,0,No,No,29,Yes,No,DSL,Yes,No,Yes,Yes,No,No,One year,No,Credit card (automatic),58.0,1734.5,0
Female,0,Yes,No,43,Yes,Yes,Fiber optic,Yes,Yes,No,No,No,Yes,Month-to-month,Yes,Electronic check,94.1,4107.3,0
Male,0,No,No,10,Yes,No,No,No internet service,No internet service,No internet service,No internet service,No internet service,No internet service,One year,No,Mailed check,20.35,176.3,0
Female,0,No,No,30,Yes,Yes,Fiber optic,No,Yes,No,No,Yes,Yes,Month-to-month,Yes,Electronic check,100.2,2983.8,1
Female,0,Yes,Yes,40,Yes,No,No,No internet service,No internet service,No internet service,No internet service,No internet service,No internet service,Two year,No,Bank transfer (automatic),20.15,777.35,0
Male,0,Yes,No,44,Yes,No,DSL,No,Yes,Yes,Yes,Yes,No,One year,Yes,Electronic check,70.95,3250.45,0
Female,0,Yes,No,58,Yes,Yes,Fiber optic,Yes,Yes,No,Yes,Yes,Yes,Two year,Yes,Credit card (automatic),109.1,6393.65,0
Male,0,No,No,19,Yes,No,No,No internet service,No internet service,No internet service,No internet service,No internet service,No internet service,One year,No,Mailed check,18.8,279.2,0
Female,0,No,No,5,Yes,No,DSL,No,No,No,No,No,No,Month-to-month,Yes,Credit card (automatic),44.05,202.15,0
Male,0,Yes,No,7,No,No phone service,DSL,Yes,Yes,No,No,No,No,Month-to-month,No,Mailed check,34.2,256.6,0
Female,0,Yes,Yes,19,Yes,Yes,No,No internet service,No internet service,No internet service,No internet service,No internet service,No internet service,Two year,Yes,Bank transfer (automatic),24.9,467.7,0
Male,1,Yes,Yes,72,Yes,Yes,Fiber optic,Yes,Yes,Yes,Yes,Yes,Yes,Two year,Yes,Bank transfer (automatic),114.95,8196.4,0
